ID	ชื่อ-นามสกุล	สังกัด	ประเภทรางวัล	ระดับ	รหัสใบอนุญาต
MAA001	หรรษธร นับเนื่องนอ	FWD Insurance	MAA	Titanium	EYKYH87K8
MAA002	ปิยะนันท์ น้ำทิพย์	FWD Insurance	MAA	Bronze	EYKYH87K9
MAA003	พีรภัทร์ ถนิมมาศ	FWD Insurance	MAA	Diamond	EYKYH87K10
MAA004	เทพนารี ฉัพพรรณธนกูร	AIA Thailand	MAA	Gold	EYKYH87K11
MAA005	ปิยนาฎ ผลบุญ	Great Eastern	MAA	Silver	EYKYH87K12
MAA006	เกริกพล ศาสตร์ศิลป์	Thai Life Insurance	MAA	Gold	EYKYH87K13
MAA007	กะดิรัตน์ นาคพันธุ์	AIA Thailand	MAA	Gold	EYKYH87K14
MAA008	ชัชเวศย์ เตชะกำพุ	AIA Thailand	MAA	Gold	EYKYH87K15
MAA009	สิริรัตน์ บัวเผื่อน	FWD Insurance	MAA	Diamond	EYKYH87K16
MAA010	นารดา ธรรมเมธา	Prudential	MAA	Platinum	EYKYH87K17
MAA011	ฉลองชัย ตวันเยี่ยม	Prudential	MAA	Diamond	EYKYH87K18
MAA012	จักรชัย ไทยสุชาต	Thai Life Insurance	MAA	Platinum	EYKYH87K19
MAA013	รอซีด๊ะ นิละทัต	AIA Thailand	MAA	Diamond	EYKYH87K20
MAA014	ถนอมชัย สังข์กรด	Thai Life Insurance	MAA	Diamond	EYKYH87K21
MAA015	เมษา ดวงทับทิม	FWD Insurance	MAA	Diamond	EYKYH87K22
MAA016	นรีกานต์ สังข์กรด	Great Eastern	MAA	Diamond	EYKYH87K23
MAA017	ศรินยา นิยมสำหรวจ	AIA Thailand	MAA	Silver	EYKYH87K24
MAA018	แกมแพร แถมธน	Prudential	MAA	Diamond	EYKYH87K25
MAA019	พิมพ์สุตา ตั้งกุลงาม	FWD Insurance	MAA	Diamond	EYKYH87K26
MAA020	ณัฐธิตา เขียวขุ้ย	AIA Thailand	MAA	Gold	EYKYH87K27
MAA021	พาดีล๊ะ นิลสุวรรณ์	Thai Life Insurance	MAA	Titanium	EYKYH87K28
MAA022	ทิมาภรณ์ บุณยะภาชน์	AIA Thailand	MAA	Bronze	EYKYH87K29
MAA023	ยนงคราญ ศาสตร์ศิลป์	AIA Thailand	MAA	Bronze	EYKYH87K30
MAA024	สีหราช ดาวอร่าม	Great Eastern	MAA	Bronze	EYKYH87K31
MAA025	รูไกยะฮ์ เณรานุสนธิ์	Prudential	MAA	Gold	EYKYH87K32
MAA026	คำ นาถะเดชะ	AIA Thailand	MAA	Platinum	EYKYH87K33
MAA027	อัญชัญ วาทา	Prudential	MAA	Platinum	EYKYH87K34
MAA028	อัญชัญ ตรีเภรินทร์	Prudential	MAA	Platinum	EYKYH87K35
MAA029	พาสุข ไทยสุชาต	Thai Life Insurance	MAA	Bronze	EYKYH87K36
MAA030	มนัส ถนัดรบ	FWD Insurance	MAA	Diamond	EYKYH87K37
MAA031	วรรณาต ถ้วนศรี	Prudential	MAA	Silver	EYKYH87K38
MAA032	ซูรัยดา นวลเพ็ง	Prudential	MAA	Titanium	EYKYH87K39
MAA033	มารุด ธัญาโภชน์	AIA Thailand	MAA	Diamond	EYKYH87K40
MAA034	ศศินา นิลสุวรรณ์	Thai Life Insurance	MAA	Diamond	EYKYH87K41
MAA035	เฉลิมพล ตวงทอง	Thai Life Insurance	MAA	Silver	EYKYH87K42
MAA036	อัญชัญ ติณรัตน์	Thai Life Insurance	MAA	Silver	EYKYH87K43
MAA037	วุฒิ ถมังรักษสัตว์	Prudential	MAA	Gold	EYKYH87K44
MAA038	นนทกาญจน์ ตะละภัฏ	AIA Thailand	MAA	Silver	EYKYH87K45
MAA039	ศุภกรชนา หนุนสุข	Thai Life Insurance	MAA	Gold	EYKYH87K46
MAA040	นุจรี ถนัดหัตถกรรม	Prudential	MAA	Diamond	EYKYH87K47
MAA041	จิม ทองสีไพล	Prudential	MAA	Diamond	EYKYH87K48
MAA042	มลิวรรณ ธรรมนิยม	Great Eastern	MAA	Diamond	EYKYH87K49
MAA043	ฮาฟิต ติระคมน์	Prudential	MAA	Bronze	EYKYH87K50
MAA044	แปลง ธีวร	Prudential	MAA	Diamond	EYKYH87K51
MAA045	จิตรลดา เยาวธนโชค	AIA Thailand	MAA	Diamond	EYKYH87K52
MAA046	อเนชา นรวิทย์โชติกุล	Thai Life Insurance	MAA	Platinum	EYKYH87K53
MAA047	อรจิรา ทัศนสุทธิ	Prudential	MAA	Platinum	EYKYH87K54
MAA048	พิมพกานต์ ทองลาภ	Thai Life Insurance	MAA	Titanium	EYKYH87K55
MAA049	เจตธนากร ดุษฎีวนิช	FWD Insurance	MAA	Platinum	EYKYH87K56
MAA050	ดารุนี บุญส่ง	Thai Life Insurance	MAA	Titanium	EYKYH87K57
MAA051	ภูวรา พรรษาสกุล	Thai Life Insurance	MAA	Bronze	EYKYH87K58
MAA052	วันชนก ตันยา	Prudential	MAA	Platinum	EYKYH87K59
MAA053	นิภา พรรษาสกุล	AIA Thailand	MAA	Diamond	EYKYH87K60
MAA054	ปัตถพงษ์ ทีฆะ	AIA Thailand	MAA	Gold	EYKYH87K61
MAA055	ประไพพักตร์ นาคสุทิน	FWD Insurance	MAA	Bronze	EYKYH87K62
MAA056	สหัสมณี ขุนดำ	FWD Insurance	MAA	Titanium	EYKYH87K63
MAA057	อนุบาล ทับทิมไทย	AIA Thailand	MAA	Titanium	EYKYH87K64
MAA058	ฮานาฟี เวียงจันทึก	Thai Life Insurance	MAA	Gold	EYKYH87K65
MAA059	ศิรินันท์ นานายน	Great Eastern	MAA	Silver	EYKYH87K66
MAA060	สุทกร กุมารบุญ	AIA Thailand	MAA	Bronze	EYKYH87K67
MAA061	ทรรศนชัย บุณยะภาชน์	Great Eastern	MAA	Titanium	EYKYH87K68
MAA062	ดวงจันทร์ ศรีสัตย์	Thai Life Insurance	MAA	Gold	EYKYH87K69
MAA063	รอกีเย๊าะ จันอ้น	Prudential	MAA	Titanium	EYKYH87K70
MAA064	กองสิน ถ้วนศรี	AIA Thailand	MAA	Diamond	EYKYH87K71
MAA065	วิรศักดิ์ ถนอมกุลบุตร	Prudential	MAA	Silver	EYKYH87K72
MAA066	โรสชา เขียวอ่อน	Thai Life Insurance	MAA	Platinum	EYKYH87K73
MAA067	นภัสรินทร์ นาคพันธุ์	Prudential	MAA	Silver	EYKYH87K74
MAA068	ณาร์รีมาน เมืองสุข	FWD Insurance	MAA	Titanium	EYKYH87K75
MAA069	นพรัตน์ เตมิยะเดช	Great Eastern	MAA	Silver	EYKYH87K76
MAA070	จำรัส ศรทอง	Great Eastern	MAA	Titanium	EYKYH87K77
MAA071	ตรีนุช ธรรมทินนา	Thai Life Insurance	MAA	Gold	EYKYH87K78
MAA072	อัษฏา เตชะกำพุ	Thai Life Insurance	MAA	Gold	EYKYH87K79
MAA073	เพชรมณี ดัตพันธุ์	Great Eastern	MAA	Bronze	EYKYH87K80
MAA074	รอซีด๊ะ ถ้วนศรี	AIA Thailand	MAA	Bronze	EYKYH87K81
MAA075	อธิตยา นักรบ	Great Eastern	MAA	Gold	EYKYH87K82
MAA076	เจษฎากร ทองปากน้ำ	AIA Thailand	MAA	Platinum	EYKYH87K83
MAA077	กุลดิลก ทัศนสุทธิ	Thai Life Insurance	MAA	Platinum	EYKYH87K84
MAA078	อัญธิกา ธัญาโภชน์	Great Eastern	MAA	Silver	EYKYH87K85
MAA079	ยอดแมน บุณยะภาชน์	Prudential	MAA	Diamond	EYKYH87K86
MAA080	จักรีรัตน์ ดาบเงิน	AIA Thailand	MAA	Titanium	EYKYH87K87
MAA081	สุภัทริดา ถาวระวรณ์	Great Eastern	MAA	Bronze	EYKYH87K88
MAA082	คมกริบ นาควงษ์	Prudential	MAA	Silver	EYKYH87K89
MAA083	จรรยพร แจ้งสว่าง	Great Eastern	MAA	Diamond	EYKYH87K90
MAA084	คมกฤชญ์ ดีตพันธุ์	Thai Life Insurance	MAA	Bronze	EYKYH87K91
MAA085	พันธุ์เทพ ตั้งรบ	Thai Life Insurance	MAA	Bronze	EYKYH87K92
MAA086	อาฮามัด แนวพนิช	Great Eastern	MAA	Gold	EYKYH87K93
MAA087	ปรมินทร์ แนวพนิช	AIA Thailand	MAA	Titanium	EYKYH87K94
MAA088	รัฐพงษ์ ถนอมมนุษย์	Thai Life Insurance	MAA	Silver	EYKYH87K95
MAA089	สนั่น นามขำ	Prudential	MAA	Gold	EYKYH87K96
MAA090	ประเสริฐ ธนูปกรณ์	FWD Insurance	MAA	Platinum	EYKYH87K97
MAA091	สุปรานี ร่มธิติรัตน์	Thai Life Insurance	MAA	Gold	EYKYH87K98
MAA092	ทับทิม บัวเผื่อน	Prudential	MAA	Silver	EYKYH87K99
MAA093	มูฮำมัด แถมธน	Great Eastern	MAA	Bronze	EYKYH87K100
MAA094	สิทธัญ บุญศล	Prudential	MAA	Platinum	EYKYH87K101
MAA095	พิมพ์สุดา ไทไชโย	AIA Thailand	MAA	Platinum	EYKYH87K102
MAA096	ตอฮา ทองลาภ	Great Eastern	MAA	Titanium	EYKYH87K103
MAA097	สนั่น กุมารบุญ	Prudential	MAA	Gold	EYKYH87K104
MAA098	ธนนนท์ ศรีธนะเวทย์	Thai Life Insurance	MAA	Bronze	EYKYH87K105
MAA099	รังสินี วาทา	Great Eastern	MAA	Titanium	EYKYH87K106
MAA100	กรพนธ์ โพธิสัตย์	Thai Life Insurance	MAA	Bronze	EYKYH87K107
MAA101	ณปภัช ไทยสุชาต	Thai Life Insurance	MAA	Platinum	EYKYH87K108
MAA102	ถนอมชัย ถนัดการยนต์	Prudential	MAA	Silver	EYKYH87K109
MAA103	ทัตธน คำลือ	Thai Life Insurance	MAA	Gold	EYKYH87K110
MAA104	เมทนี นาฏคายี	AIA Thailand	MAA	Bronze	EYKYH87K111
MAA105	ปิ่นบุญญา ทองสีไพล	FWD Insurance	MAA	Diamond	EYKYH87K112
MAA106	ธีรวุฒิ ศรีวงค์	Prudential	MAA	Bronze	EYKYH87K113
MAA107	เกษรา นกทอง	Thai Life Insurance	MAA	Diamond	EYKYH87K114
MAA108	นัฐพล พรรษาสกุล	Prudential	MAA	Silver	EYKYH87K115
MAA109	คำมั่น ถนัดเดินข่าว	Prudential	MAA	Silver	EYKYH87K116
MAA110	ณัฐวรินทร ประจันตะเสน	AIA Thailand	MAA	Titanium	EYKYH87K117
MAA111	จิตรลดา เณรานุสนธิ์	Thai Life Insurance	MAA	Bronze	EYKYH87K118
MAA112	สิริกานต์ กุมารบุญ	FWD Insurance	MAA	Bronze	EYKYH87K119
MAA113	ณาร์รีมาน พรมอ่อน	Prudential	MAA	Gold	EYKYH87K120
MAA114	กิติยาธรณ์ ศรทอง	FWD Insurance	MAA	Gold	EYKYH87K121
MAA115	จักรพันธ์ ดำริห์ชอบ	Thai Life Insurance	MAA	Platinum	EYKYH87K122
MAA116	โอภาส บุญบำรุง	Great Eastern	MAA	Titanium	EYKYH87K123
MAA117	รวิวาน ราชมณี	FWD Insurance	MAA	Silver	EYKYH87K124
MAA118	สหัสมณี ธูปหอม	AIA Thailand	MAA	Titanium	EYKYH87K125
MAA119	ผดุงชาติ พรรษาสกุล	AIA Thailand	MAA	Gold	EYKYH87K126
MAA120	มูฮำมัด พงศ์ฉบับนภา	FWD Insurance	MAA	Silver	EYKYH87K127
MAA121	วรรณกร ทวนทอง	Prudential	MAA	Platinum	EYKYH87K128
MAA122	ปิ่นบุญญา ยะผา	Thai Life Insurance	MAA	Bronze	EYKYH87K129
MAA123	วิทูลย์ ศิวะวรเวท	Great Eastern	MAA	Diamond	EYKYH87K130
MAA124	ธีรวุฒิ บินดี	Thai Life Insurance	MAA	Platinum	EYKYH87K131
MAA125	ชนิศา ถนัดรบ	Great Eastern	MAA	Silver	EYKYH87K132
MAA126	ทรรศนชัย ตัณสถิตย์	Prudential	MAA	Platinum	EYKYH87K133
MAA127	ปฐวีกานต์ นิลสลัว	FWD Insurance	MAA	Titanium	EYKYH87K134
MAA128	ปฐม เนื้อนุ่ม	FWD Insurance	MAA	Bronze	EYKYH87K135
MAA129	จักรพันธ์ ทีฆะ	Thai Life Insurance	MAA	Diamond	EYKYH87K136
MAA130	วุฒิ ทองแท้	Prudential	MAA	Titanium	EYKYH87K137
MAA131	ราชัน สันตะวงศ์	Thai Life Insurance	MAA	Platinum	EYKYH87K138
MAA132	วรรณนิสา เนื่องนนท์	Great Eastern	MAA	Silver	EYKYH87K139
MAA133	ภานุวัตร ดุษฎีวนิช	FWD Insurance	MAA	Silver	EYKYH87K140
MAA134	ภูวรา ตัณสถิตย์	Prudential	MAA	Silver	EYKYH87K141
MAA135	มูฮำมัด นิลเสนา	FWD Insurance	MAA	Bronze	EYKYH87K142
MAA136	สมนึก ถนัดกลึง	AIA Thailand	MAA	Gold	EYKYH87K143
MAA137	อรุณี มิ่งขวัญ	Great Eastern	MAA	Gold	EYKYH87K144
MAA138	ณัฐธภรณ์ ธัญเสถียร	FWD Insurance	MAA	Platinum	EYKYH87K145
MAA139	อินทรีย์ นาฏคายี	Prudential	MAA	Titanium	EYKYH87K146
MAA140	เกียรติก้อง ตระกูลไม้เรียง	AIA Thailand	MAA	Bronze	EYKYH87K147
MAA141	ภานุวัตร ธูปะวิโรจน์	AIA Thailand	MAA	Gold	EYKYH87K148
MAA142	เอกวิทย์ ถนิมมาศ	Thai Life Insurance	MAA	Silver	EYKYH87K149
MAA143	ปาริตา ดาวกระจาย	AIA Thailand	MAA	Titanium	EYKYH87K150
MAA144	ปิยบุตร ถาวระวรณ์	AIA Thailand	MAA	Silver	EYKYH87K151
MAA145	มาซีเตาะ บุตดา	Great Eastern	MAA	Platinum	EYKYH87K152
MAA146	เรืองเกียรติ โพธิสัตย์	AIA Thailand	MAA	Bronze	EYKYH87K153
MAA147	อนุวัช บุนยะตีรณะ	Thai Life Insurance	MAA	Gold	EYKYH87K154
MAA148	นรีกานต์ ทวนไชย์	FWD Insurance	MAA	Titanium	EYKYH87K155
MAA149	ฐิติยาพร นิติสาขา	Prudential	MAA	Platinum	EYKYH87K156
MAA150	เพทาย ทีฆะ	Great Eastern	MAA	Bronze	EYKYH87K157
MAA151	เทพณรงค์ บุนยะศัพท์	Great Eastern	MAA	Titanium	EYKYH87K158
MAA152	ทวีวัฒน์ บุญส่ง	Great Eastern	MAA	Diamond	EYKYH87K159
MAA153	ลัดดา ติระคมน์	Prudential	MAA	Bronze	EYKYH87K160
MAA154	มาซีเตาะ นิลวิมล	Thai Life Insurance	MAA	Silver	EYKYH87K161
MAA155	ถนอมชัย นาคะนคร	AIA Thailand	MAA	Silver	EYKYH87K162
MAA156	เสรี พรรษาสกุล	Great Eastern	MAA	Diamond	EYKYH87K163
MAA157	ตรีนุช ดาบเงิน	AIA Thailand	MAA	Platinum	EYKYH87K164
MAA158	จด เนตร์มณี	AIA Thailand	MAA	Titanium	EYKYH87K165
MAA159	ปรายกานต์ วาทา	AIA Thailand	MAA	Bronze	EYKYH87K166
MAA160	ราชัน ทรัพย์สาร	Great Eastern	MAA	Gold	EYKYH87K167
MAA161	จีราภรณ์ เจริญรัมย์	FWD Insurance	MAA	Gold	EYKYH87K168
MAA162	ปริญญา วุฑฒยากร	FWD Insurance	MAA	Diamond	EYKYH87K169
MAA163	โชคภาดล ถมังรักษสัตว์	Great Eastern	MAA	Platinum	EYKYH87K170
MAA164	ใจกลาง กุมารบุญ	Thai Life Insurance	MAA	Titanium	EYKYH87K171
MAA165	มะสูเกียน ถาวระวรณ์	Prudential	MAA	Diamond	EYKYH87K172
MAA166	กระสุน ศรทอง	AIA Thailand	MAA	Platinum	EYKYH87K173
MAA167	กวีฉัฏฐ ด้วงโสน	Prudential	MAA	Titanium	EYKYH87K174
MAA168	พิชญ์สินี ตั้งกุลงาม	Thai Life Insurance	MAA	Silver	EYKYH87K175
MAA169	เกริกพล ฉัพพรรณธนกูร	FWD Insurance	MAA	Platinum	EYKYH87K176
MAA170	หรรษา ขอหมั่นกลาง	Great Eastern	MAA	Bronze	EYKYH87K177
MAA171	ธีรวุฒิ ตัณสถิตย์	Great Eastern	MAA	Bronze	EYKYH87K178
MAA172	ประสิทธิ์ ฉัพพรรณธนกูร	Great Eastern	MAA	Diamond	EYKYH87K179
MAA173	ธีริสรา ศิวะวรเวท	FWD Insurance	MAA	Silver	EYKYH87K180
MAA174	ศุภนุนาย เยาวธนโชค	AIA Thailand	MAA	Diamond	EYKYH87K181
MAA175	สมใจ พีระเพ็ญกุล	Great Eastern	MAA	Titanium	EYKYH87K182
MAA176	กฤตพร นิละทัต	FWD Insurance	MAA	Titanium	EYKYH87K183
MAA177	ธีร์ธวันาย นิลสลัว	Prudential	MAA	Gold	EYKYH87K184
MAA178	ณัฐธิตา ศิวะวรเวท	Thai Life Insurance	MAA	Silver	EYKYH87K185
MAA179	ประเดิม ถนอมมนุษย์	AIA Thailand	MAA	Titanium	EYKYH87K186
MAA180	ภัคศุภางค์ นักสำหรวจ	Great Eastern	MAA	Titanium	EYKYH87K187
MAA181	มนัส ทองอยู่	Thai Life Insurance	MAA	Silver	EYKYH87K188
MAA182	นาตยา ปานสุวรรณ	Prudential	MAA	Diamond	EYKYH87K189
MAA183	สมใจ นิติสาขา	Thai Life Insurance	MAA	Titanium	EYKYH87K190
MAA184	ทินวัฒน์ ถาวรายุศม์	FWD Insurance	MAA	Bronze	EYKYH87K191
MAA185	ฟิรยา ถนัดการยนต์	AIA Thailand	MAA	Platinum	EYKYH87K192
MAA186	ภารวี คำลือ	Great Eastern	MAA	Platinum	EYKYH87K193
MAA187	อชิตะวีร์ ทวีเดช	Thai Life Insurance	MAA	Silver	EYKYH87K194
MAA188	ธาเอก เดชคุ้ม	Great Eastern	MAA	Titanium	EYKYH87K195
MAA189	อัญธิกา คณานุรักษ์	Prudential	MAA	Titanium	EYKYH87K196
MAA190	เจษฏาภรณ์ ทองปากน้ำ	Great Eastern	MAA	Bronze	EYKYH87K197
MAA191	ณิชาภัทร ตันยา	AIA Thailand	MAA	Titanium	EYKYH87K198
MAA192	บุญญามี ตันเผ่า	FWD Insurance	MAA	Platinum	EYKYH87K199
MAA193	รอซีด๊ะ ทุมะบุตร์	Thai Life Insurance	MAA	Bronze	EYKYH87K200
MAA194	อมัด ถาวรรัตน	AIA Thailand	MAA	Diamond	EYKYH87K201
MAA195	นวรรษนันท์ นวลฉวี	Great Eastern	MAA	Diamond	EYKYH87K202
MAA196	ศุภนุนาย ศรทอง	AIA Thailand	MAA	Titanium	EYKYH87K203
MAA197	อธิวัตร ดาตู	AIA Thailand	MAA	Silver	EYKYH87K204
MAA198	ยุลิน นักรบ	Thai Life Insurance	MAA	Gold	EYKYH87K205
MAA199	อนิวัฒน์ นับเนื่องนอ	AIA Thailand	MAA	Platinum	EYKYH87K206
MAA200	จุฑารัตน์ ดาบเพ็ชร์	Thai Life Insurance	MAA	Diamond	EYKYH87K207
MAA201	พัสวี พรมอ่อน	Prudential	MAA	Diamond	EYKYH87K208
MAA202	จณิสตา วาทา	AIA Thailand	MAA	Silver	EYKYH87K209
MAA203	ปิยวดี ดิสกะประกาย	Great Eastern	MAA	Diamond	EYKYH87K210
MAA204	กะดิรัตน์ ตรีเภรินทร์	AIA Thailand	MAA	Gold	EYKYH87K211
MAA205	สิรวัฒน์ นามเสวตร	AIA Thailand	MAA	Titanium	EYKYH87K212
MAA206	ผกาทิพย์ พีระเพ็ญกุล	Prudential	MAA	Gold	EYKYH87K213
MAA207	โสภณิตา ทีฆะ	Great Eastern	MAA	Bronze	EYKYH87K214
MAA208	ศศิรินทร์ มนทอง	FWD Insurance	MAA	Titanium	EYKYH87K215
MAA209	นุจรี วาทา	AIA Thailand	MAA	Gold	EYKYH87K216
MAA210	กรพนธ์ ขอหมั่นกลาง	AIA Thailand	MAA	Platinum	EYKYH87K217
MAA211	เชิงชาย นากกนก	Prudential	MAA	Diamond	EYKYH87K218
MAA212	เอกชัย ทองประดิฐ	Thai Life Insurance	MAA	Gold	EYKYH87K219
MAA213	จิฬาภรณ์ พีระเพ็ญกุล	AIA Thailand	MAA	Gold	EYKYH87K220
MAA214	หลักทรัพย์ ทองประดิฐ	Great Eastern	MAA	Silver	EYKYH87K221
MAA215	สิริลัดดา ขุนดำ	AIA Thailand	MAA	Bronze	EYKYH87K222
MAA216	รัฐพงษ์ ธัญาโภชน์	Prudential	MAA	Diamond	EYKYH87K223
MAA217	สิริรัตน์ ซาซุม	Great Eastern	MAA	Bronze	EYKYH87K224
MAA218	วรรณกร ไชยภา	AIA Thailand	MAA	Bronze	EYKYH87K225
MAA219	ธีรวัช หอมสิน	Thai Life Insurance	MAA	Bronze	EYKYH87K226
MAA220	ปฐม เยาวธนโชค	Thai Life Insurance	MAA	Titanium	EYKYH87K227
MAA221	สิริกานต์ พรสีมา	Prudential	MAA	Gold	EYKYH87K228
MAA222	ธีรลักษณ์ ถนอมพลกรัง	AIA Thailand	MAA	Platinum	EYKYH87K229
MAA223	ฮานาฟี คณานุรักษ์	FWD Insurance	MAA	Titanium	EYKYH87K230
MAA224	พิพิธธน ปรีชากุลเศรษฐ์	Thai Life Insurance	MAA	Silver	EYKYH87K231
MAA225	ทินพร ถุงเงิน	AIA Thailand	MAA	Diamond	EYKYH87K232
MAA226	โอภาส ดาบเงิน	Great Eastern	MAA	Bronze	EYKYH87K233
MAA227	ณัฐติญา ทองลาภ	Great Eastern	MAA	Platinum	EYKYH87K234
MAA228	ผดุงชาติ ตั้งเผ่า	AIA Thailand	MAA	Bronze	EYKYH87K235
MAA229	นัฐพล เช้าวันดี	FWD Insurance	MAA	Diamond	EYKYH87K236
MAA230	นภัสรินทร์ พรรษาสกุล	Prudential	MAA	Gold	EYKYH87K237
MAA231	อรจิรา ธรรมทินนา	Thai Life Insurance	MAA	Diamond	EYKYH87K238
MAA232	อัครพนธ์ เนตร์มณี	FWD Insurance	MAA	Titanium	EYKYH87K239
MAA233	ณภัทร นฤภัย	FWD Insurance	MAA	Bronze	EYKYH87K240
MAA234	นิชนันท์ บุญศล	Great Eastern	MAA	Titanium	EYKYH87K241
MAA235	รักชนก ไตรบรรพ	FWD Insurance	MAA	Platinum	EYKYH87K242
MAA236	คมคาย ถาวรายุศม์	AIA Thailand	MAA	Gold	EYKYH87K243
MAA237	อัญชิษฐา ชุมวระ	Thai Life Insurance	MAA	Diamond	EYKYH87K244
MAA238	วิพุธ เยาวธนโชค	Prudential	MAA	Diamond	EYKYH87K245
MAA239	เจตธนากร มนทอง	FWD Insurance	MAA	Platinum	EYKYH87K246
MAA240	ซูรัยดา บุตดา	FWD Insurance	MAA	Titanium	EYKYH87K247
MAA241	มัตติกา นะวะมันดร	FWD Insurance	MAA	Bronze	EYKYH87K248
MAA242	อลิษา นาคสุทิน	FWD Insurance	MAA	Gold	EYKYH87K249
MAA243	ชรินทร์ทิพย์ ทศโยธิน	FWD Insurance	MAA	Platinum	EYKYH87K250
MAA244	ฟารินี นาฏคายี	Great Eastern	MAA	Gold	EYKYH87K251
MAA245	ภาสินี พานเกล้า	Prudential	MAA	Gold	EYKYH87K252
MAA246	ฐิติวุฒิ ศรีเผด็จ	Great Eastern	MAA	Silver	EYKYH87K253
MAA247	สรายุทธ ทับทิมไทย	Thai Life Insurance	MAA	Diamond	EYKYH87K254
MAA248	สราญจิตต์ บุตราช	FWD Insurance	MAA	Platinum	EYKYH87K255
MAA249	ทิมาภรณ์ เธียรายัน	Prudential	MAA	Diamond	EYKYH87K256
MAA250	สมใจ บุญญาภิรมย์	Thai Life Insurance	MAA	Silver	EYKYH87K257
MAA251	จด ถนอมพล	Thai Life Insurance	MAA	Platinum	EYKYH87K258
MAA252	น้ำเพชร ด้วงโสน	Prudential	MAA	Silver	EYKYH87K259
MAA253	อเนชา ทองสีไพล	Prudential	MAA	Gold	EYKYH87K260
MAA254	ภัทราวุธ บุณยะภาชน์	Thai Life Insurance	MAA	Diamond	EYKYH87K261
MAA255	อุษณีย์ ธรรมฤดี	FWD Insurance	MAA	Titanium	EYKYH87K262
MAA256	มัตติกา ศาสตร์ศิลป์	AIA Thailand	MAA	Titanium	EYKYH87K263
MAA257	ยูซุฟ ประจันตะเสน	Thai Life Insurance	MAA	Silver	EYKYH87K264
MAA258	สุพัตรา ติณรัตน์	Great Eastern	MAA	Platinum	EYKYH87K265
MAA259	สุรนัย ตรีเภรินทร์	Thai Life Insurance	MAA	Bronze	EYKYH87K266
MAA260	สมใจ ดาบเพ็ชร์	Thai Life Insurance	MAA	Gold	EYKYH87K267
MAA261	โกมล สาระพันธ์	Thai Life Insurance	MAA	Silver	EYKYH87K268
MAA262	รอซีด๊ะ นาฏคายี	Thai Life Insurance	MAA	Gold	EYKYH87K269
MAA263	เมษา เนื้อนุ่ม	Prudential	MAA	Platinum	EYKYH87K270
MAA264	เทอดศักดิ์ ถนัดกลึง	FWD Insurance	MAA	Platinum	EYKYH87K271
MAA265	ธัญญกัญญา ถนัดการเขียน	Thai Life Insurance	MAA	Bronze	EYKYH87K272
MAA266	พงษ์นเรศ ดาบเพ็ชร์	AIA Thailand	MAA	Gold	EYKYH87K273
MAA267	อชิตะวีร์ จันอ้น	Thai Life Insurance	MAA	Bronze	EYKYH87K274
MAA268	ศจีกาญจน์ พงศ์ฉบับนภา	Thai Life Insurance	MAA	Diamond	EYKYH87K275
MAA269	ธราวิทญ์ นิลสุวรรณ์	AIA Thailand	MAA	Platinum	EYKYH87K276
MAA270	อรพิณ เยาวธนโชค	Great Eastern	MAA	Titanium	EYKYH87K277
MAA271	นาทภูวพัฒน์ โพธิสัตย์	Great Eastern	MAA	Silver	EYKYH87K278
MAA272	กวีฉัฏฐ นามเสวตร	AIA Thailand	MAA	Titanium	EYKYH87K279
MAA273	อาแอเสาะ ตันยา	FWD Insurance	MAA	Bronze	EYKYH87K280
MAA274	แกมแพร บุญบำรุง	Prudential	MAA	Silver	EYKYH87K281
MAA275	วิรศักดิ์ แน่นดุจป้อม	FWD Insurance	MAA	Gold	EYKYH87K282
MAA276	ฮามีย๊ะ งามพิเชษฐ์	Thai Life Insurance	MAA	Gold	EYKYH87K283
MAA277	ศิรณัฐ ถะเกิงชศ	FWD Insurance	MAA	Platinum	EYKYH87K284
MAA278	ซูรัยดา ถนัดอาวุธ	FWD Insurance	MAA	Diamond	EYKYH87K285
MAA279	โสภณิตา เลิศกิ่ง	Great Eastern	MAA	Gold	EYKYH87K286
MAA280	สุรวัช นิระหานี	FWD Insurance	MAA	Bronze	EYKYH87K287
MAA281	วิรชัย นรวิทย์โชติกุล	Prudential	MAA	Gold	EYKYH87K288
MAA282	พรสวรรค์ เขียวขุ้ย	Great Eastern	MAA	Diamond	EYKYH87K289
MAA283	เรืองเกียรติ เขียวอ่อน	FWD Insurance	MAA	Bronze	EYKYH87K290
MAA284	ฤทธิ์ชกร ชำนาญวาด	FWD Insurance	MAA	Gold	EYKYH87K291
MAA285	อริสรา นิลเสนา	Great Eastern	MAA	Gold	EYKYH87K292
MAA286	สมนึก ถนัดรบ	Thai Life Insurance	MAA	Bronze	EYKYH87K293
MAA287	สรรเพชญ์ ทวนไชย์	Great Eastern	MAA	Silver	EYKYH87K294
MAA288	เอกชัย ทุมะบุตร์	Prudential	MAA	Platinum	EYKYH87K295
MAA289	วีร์สุดา เธียรายัน	Great Eastern	MAA	Platinum	EYKYH87K296
MAA290	นพวรรณ ขันธุลา	Prudential	MAA	Platinum	EYKYH87K297
MAA291	ดวงสมร เนื้อนุ่ม	Thai Life Insurance	MAA	Silver	EYKYH87K298
MAA292	ธัญญกัญญา บุตราช	Great Eastern	MAA	Titanium	EYKYH87K299
MAA293	ทองสิริ ทองสีไพล	AIA Thailand	MAA	Gold	EYKYH87K300
MAA294	หรรษา นาคพันธุ์	Thai Life Insurance	MAA	Platinum	EYKYH87K301
MAA295	มาซีเตาะ แนวพนิช	Thai Life Insurance	MAA	Platinum	EYKYH87K302
MAA296	วัลลภ พานเกล้า	Prudential	MAA	Silver	EYKYH87K303
MAA297	จรรยพร ศาสตร์ศิลป์	Prudential	MAA	Titanium	EYKYH87K304
MAA298	จุฑารัตน์ ถนัดอักษร	FWD Insurance	MAA	Platinum	EYKYH87K305
MAA299	ณัฐจศักดิ์ ไทยแท้	FWD Insurance	MAA	Diamond	EYKYH87K306
MAA300	อัญธิกา ธรรมนิยม	FWD Insurance	MAA	Silver	EYKYH87K307
					
					
					
					
					
					
					
					
					
					
					
					
					
					
					
					
					
					
					
					
					
					
					
					
					
					
					
					
					
					
					
					
					
					
					
					
					
					
					
					
					
					
					
					
					
					
					
					
					
					
					
					
					
					
					
					
					
					
					
					
					
					
					
					
					
					
					
					
					
					
					
					
					
					
					
					
					
					
					
					
					
					
					
					
					
					
					
					
					
					
					
					
					
					
					
					
					
					
					
					
					
					
					
					
					
					
					
					
					
					
					
					
					
					
					
					
					
					
					
					
					
					
					
					
					
					
					
					
					
					
					
					
					
					
					
					
					
					
					
					
					
					
					
					
					
					
					
					
					
					
					
					
					
					
					
					
					
					
					
					
					
					
					
					
					
					
					
					
					
					
					
					
					
					
					
					
					
					
					
					
					
					
					
					
					
					
					
					
					
					
					
					
					
					
					
					
					
					
					
					
					
					
					
					
					
					
					
					
					
					
					
					
					
					
					
					
					
					
					
					
					
					
					
					
					
					
					
					
					
					
					
					
					
					
					
					
					
					
					
					
					
					
					
					
					
					
					
					
					
					
					
					
					
					
					
					
					
					
					
					
					
					
					
					
					
					
					
					
					
					
					
					
					
					
					
					
					
					
					
					
					
					
					
					
					
					
					
					
					
					
					
					
					
					
					
					
					
					
					
					
					
					
					
					
					
					
					
					
					
					
					
					
					
					
					
					
					
					
					
					
					
					
					
					
					
					
					
					
					
					
					
					
					
					
					
					
					
					
					
					
					
					
					
					
					
					
					
					
					
					
					
					
					
					
					
					
					
					
					
					
					
					
					
					
					
					
					
					
					
					
					
					
					
					
					
					
					
					
					
					
					
					
					
					
					
					
					
					
					
					
					
					
					
					
					
					
					
					
					
					
					
					
					
					
					
					
					
					
					
					
					
					
					
					
					
					
					
					
					
					
					
					
					
					
					
					
					
					
					
					
					
					
					
					
					
					
					
					
					
					
					
					
					
					
					
					
					
					
					
					
					
					
					
					
					
					
					
					
					
					
					
					
					
					
					
					
					
					
					
					
					
					
					
					
					
					
					
					
					
					
					
					
					
					
					
					
					
					
					
					
					
					
					
					
					
					
					
					
					
					
					
					
					
					
					
					
					
					
					
					
					
					
					
					
					
					
					
					
					
					
					
					
					
					
					
					
					
					
					
					
					
					
					
					
					
					
					
					
					
					
					
					
					
					
					
					
					
					
					
					
					
					
					
					
					
					
					
					
					
					
					
					
					
					
					
					
					
					
					
					
					
					
					
					
					
					
					
					
					
					
					
					
					
					
					
					
					
					
					
					
					
					
					
					
					
					
					
					
					
					
					
					
					
					
					
					
					
					
					
					
					
					
					
					
					
					
					
					
					
					
					
					
					
					
					
					
					
					
					
					
					
					
					
					
					
					
					
					
					
					
					
					
					
					
					
					
					
					
					
					
					
					
					
					
					
					
					
					
					
					
					
					
					
					
					
					
					
					
					
					
					
					
					
					
					
					
					
					
					
					
					
					
					
					
					
					
					
					
					
					
					
					
					
					
					
					
					
					
					
